,0,File Name
0,https://docs.netapp.com/us-en/astra-automation-2204/aa-earlier-versions.html,files/output1.txt
1,https://docs.netapp.com/us-en/astra-automation-2204/rn/about.html,files/output2.txt
2,https://docs.netapp.com/us-en/astra-automation-2204/information/additional_resources.html,files/output3.txt
3,https://docs.netapp.com/us-en/astra-automation-2204/reference/api_reference.html,files/output4.txt
4,https://docs.netapp.com/us-en/astra-automation-2204/python/astra_toolkits.html,files/output5.txt
5,https://docs.netapp.com/us-en/astra-automation-2204/get-started/before_get_started.html,files/output6.txt
6,https://docs.netapp.com/us-en/astra-automation-2204/additional/diagnostics_support.html,files/output7.txt
7,https://docs.netapp.com/us-en/astra-automation-2204/get-started/get_api_token.html,files/output8.txt
8,https://docs.netapp.com/us-en/astra-automation-2204/get-started/hello_world.html,files/output9.txt
9,https://docs.netapp.com/us-en/astra-automation-2204/rest-core/http_details.html,files/output10.txt
10,https://docs.netapp.com/us-en/astra-automation-2204/intro/introduction.html,files/output11.txt
11,https://docs.netapp.com/us-en/astra-automation-2204/rn/known_issues.html,files/output12.txt
12,https://docs.netapp.com/us-en/astra-automation-2204/get-started/kubernetes_concepts.html,files/output13.txt
13,https://docs.netapp.com/us-en/astra-automation-2204/legal-notices.html,files/output14.txt
14,https://docs.netapp.com/us-en/astra-automation-2204/legal-notices.html,files/output15.txt
15,https://docs.netapp.com/us-en/astra-automation-2204/get-started/prepare_to_use_workflows.html,files/output16.txt
16,https://docs.netapp.com/us-en/astra-automation-2204/python/py_list_man_apps.html,files/output17.txt
17,https://docs.netapp.com/us-en/astra-automation-2204/python/python_before.html,files/output18.txt
18,https://docs.netapp.com/us-en/astra-automation-2204/additional/rbac.html,files/output19.txt
19,https://docs.netapp.com/us-en/astra-automation-2204/endpoints/resources.html,files/output20.txt
20,https://docs.netapp.com/us-en/astra-automation-2204/rest-core/resources_collections.html,files/output21.txt
21,https://docs.netapp.com/us-en/astra-automation-2204/rest-core/rest_web_services.html,files/output22.txt
22,https://docs.netapp.com/us-en/astra-automation-2204/additional/revoke_token.html,files/output23.txt
23,https://docs.netapp.com/us-en/astra-automation-2204//search.html,files/output24.txt
24,https://docs.netapp.com/us-en/astra-automation-2204/rest-core/url_format.html,files/output25.txt
25,https://docs.netapp.com/us-en/astra-automation-2204/workflows/wf_clone_app.html,files/output26.txt
26,https://docs.netapp.com/us-en/astra-automation-2204/workflows/wf_clone_app_backup.html,files/output27.txt
27,https://docs.netapp.com/us-en/astra-automation-2204/workflows/wf_clone_app_snapshot.html,files/output28.txt
28,https://docs.netapp.com/us-en/astra-automation-2204/workflows/wf_create_backup.html,files/output29.txt
29,https://docs.netapp.com/us-en/astra-automation-2204/workflows/wf_create_snapshot.html,files/output30.txt
30,https://docs.netapp.com/us-en/astra-automation-2204/workflows/wf_delete_backup.html,files/output31.txt
31,https://docs.netapp.com/us-en/astra-automation-2204/workflows/wf_delete_failed_app.html,files/output32.txt
32,https://docs.netapp.com/us-en/astra-automation-2204/workflows/wf_delete_snapshot.html,files/output33.txt
33,https://docs.netapp.com/us-en/astra-automation-2204/workflows/wf_get_man_app.html,files/output34.txt
34,https://docs.netapp.com/us-en/astra-automation-2204/workflows/wf_list_backups.html,files/output35.txt
35,https://docs.netapp.com/us-en/astra-automation-2204/workflows_infra/wf_list_buckets.html,files/output36.txt
36,https://docs.netapp.com/us-en/astra-automation-2204/workflows/wf_list_man_apps.html,files/output37.txt
37,https://docs.netapp.com/us-en/astra-automation-2204/workflows_infra/wf_list_man_clusters.html,files/output38.txt
38,https://docs.netapp.com/us-en/astra-automation-2204/workflows/wf_list_notifications.html,files/output39.txt
39,https://docs.netapp.com/us-en/astra-automation-2204/workflows/wf_list_snapshots.html,files/output40.txt
40,https://docs.netapp.com/us-en/astra-automation-2204/workflows_infra/wf_list_storage_backends.html,files/output41.txt
41,https://docs.netapp.com/us-en/astra-automation-2204/workflows/wf_list_unman_apps.html,files/output42.txt
42,https://docs.netapp.com/us-en/astra-automation-2204/workflows_infra/wf_list_users.html,files/output43.txt
43,https://docs.netapp.com/us-en/astra-automation-2204/workflows/wf_manage_app.html,files/output44.txt
44,https://docs.netapp.com/us-en/astra-automation-2204/workflows/wf_restore_app_backup.html,files/output45.txt
45,https://docs.netapp.com/us-en/astra-automation-2204/workflows/wf_unmanage_app.html,files/output46.txt
46,https://docs.netapp.com/us-en/astra-automation-2204/rn/whats_new.html,files/output47.txt
47,https://docs.netapp.com/us-en/astra-automation-2204/additional/work_with_collections.html,files/output48.txt
48,https://docs.netapp.com/us-en/astra-automation-2204/workflows/workflows_before.html,files/output49.txt
49,https://docs.netapp.com/us-en/astra-automation-2204/workflows_infra/workflows_infra_before.html,files/output50.txt
50,https://docs.netapp.com/us-en/astra-automation-2112/aa-earlier-versions.html,files/output51.txt
51,https://docs.netapp.com/us-en/astra-automation-2112/rn/about.html,files/output52.txt
52,https://docs.netapp.com/us-en/astra-automation-2112/information/additional_resources.html,files/output53.txt
53,https://docs.netapp.com/us-en/astra-automation-2112/reference/api_reference.html,files/output54.txt
54,https://docs.netapp.com/us-en/astra-automation-2112/python/astra_toolkits.html,files/output55.txt
55,https://docs.netapp.com/us-en/astra-automation-2112/get-started/before_get_started.html,files/output56.txt
56,https://docs.netapp.com/us-en/astra-automation-2112/additional/diagnostics_support.html,files/output57.txt
57,https://docs.netapp.com/us-en/astra-automation-2112/get-started/get_api_token.html,files/output58.txt
58,https://docs.netapp.com/us-en/astra-automation-2112/get-started/hello_world.html,files/output59.txt
59,https://docs.netapp.com/us-en/astra-automation-2112/rest-core/http_details.html,files/output60.txt
60,https://docs.netapp.com/us-en/astra-automation-2112/intro/introduction.html,files/output61.txt
61,https://docs.netapp.com/us-en/astra-automation-2112/rn/known_issues.html,files/output62.txt
62,https://docs.netapp.com/us-en/astra-automation-2112/legal-notices.html,files/output63.txt
63,https://docs.netapp.com/us-en/astra-automation-2112/get-started/prepare_to_use_workflows.html,files/output64.txt
64,https://docs.netapp.com/us-en/astra-automation-2112/python/py_list_man_apps.html,files/output65.txt
65,https://docs.netapp.com/us-en/astra-automation-2112/python/python_before.html,files/output66.txt
66,https://docs.netapp.com/us-en/astra-automation-2112/endpoints/resources.html,files/output67.txt
67,https://docs.netapp.com/us-en/astra-automation-2112/rest-core/resources_collections.html,files/output68.txt
68,https://docs.netapp.com/us-en/astra-automation-2112/rest-core/rest_web_services.html,files/output69.txt
69,https://docs.netapp.com/us-en/astra-automation-2112//search.html,files/output70.txt
70,https://docs.netapp.com/us-en/astra-automation-2112/additional/security.html,files/output71.txt
71,https://docs.netapp.com/us-en/astra-automation-2112/rest-core/url_format.html,files/output72.txt
72,https://docs.netapp.com/us-en/astra-automation-2112/workflows/wf_clone_app.html,files/output73.txt
73,https://docs.netapp.com/us-en/astra-automation-2112/workflows/wf_clone_app_backup.html,files/output74.txt
74,https://docs.netapp.com/us-en/astra-automation-2112/workflows/wf_clone_app_snapshot.html,files/output75.txt
75,https://docs.netapp.com/us-en/astra-automation-2112/workflows/wf_create_backup.html,files/output76.txt
76,https://docs.netapp.com/us-en/astra-automation-2112/workflows/wf_create_snapshot.html,files/output77.txt
77,https://docs.netapp.com/us-en/astra-automation-2112/workflows/wf_delete_backup.html,files/output78.txt
78,https://docs.netapp.com/us-en/astra-automation-2112/workflows/wf_delete_failed_app.html,files/output79.txt
79,https://docs.netapp.com/us-en/astra-automation-2112/workflows/wf_delete_snapshot.html,files/output80.txt
80,https://docs.netapp.com/us-en/astra-automation-2112/workflows/wf_get_man_app.html,files/output81.txt
81,https://docs.netapp.com/us-en/astra-automation-2112/workflows/wf_list_backups.html,files/output82.txt
82,https://docs.netapp.com/us-en/astra-automation-2112/workflows_infra/wf_list_buckets.html,files/output83.txt
83,https://docs.netapp.com/us-en/astra-automation-2112/workflows/wf_list_man_apps.html,files/output84.txt
84,https://docs.netapp.com/us-en/astra-automation-2112/workflows_infra/wf_list_man_clusters.html,files/output85.txt
85,https://docs.netapp.com/us-en/astra-automation-2112/workflows/wf_list_notifications.html,files/output86.txt
86,https://docs.netapp.com/us-en/astra-automation-2112/workflows/wf_list_snapshots.html,files/output87.txt
87,https://docs.netapp.com/us-en/astra-automation-2112/workflows_infra/wf_list_storage_backends.html,files/output88.txt
88,https://docs.netapp.com/us-en/astra-automation-2112/workflows/wf_list_unman_apps.html,files/output89.txt
89,https://docs.netapp.com/us-en/astra-automation-2112/workflows_infra/wf_list_users.html,files/output90.txt
90,https://docs.netapp.com/us-en/astra-automation-2112/workflows/wf_manage_app.html,files/output91.txt
91,https://docs.netapp.com/us-en/astra-automation-2112/workflows/wf_restore_app_backup.html,files/output92.txt
92,https://docs.netapp.com/us-en/astra-automation-2112/workflows/wf_unmanage_app.html,files/output93.txt
93,https://docs.netapp.com/us-en/astra-automation-2112/rn/whats_new.html,files/output94.txt
94,https://docs.netapp.com/us-en/astra-automation-2112/workflows/workflows_before.html,files/output95.txt
95,https://docs.netapp.com/us-en/astra-automation-2112/workflows_infra/workflows_infra_before.html,files/output96.txt
96,https://docs.netapp.com/us-en/astra-automation-2112/additional/working_with_collections.html,files/output97.txt
97,https://docs.netapp.com/us-en/astra-automation-2108/rn/about.html,files/output98.txt
98,https://docs.netapp.com/us-en/astra-automation-2108/information/additional_resources.html,files/output99.txt
99,https://docs.netapp.com/us-en/astra-automation-2108/reference/api_reference.html,files/output100.txt
100,https://docs.netapp.com/us-en/astra-automation-2108/get-started/before_get_started.html,files/output101.txt
101,https://docs.netapp.com/us-en/astra-automation-2108/additional/diagnostics_support.html,files/output102.txt
102,https://docs.netapp.com/us-en/astra-automation-2108/get-started/get_api_token.html,files/output103.txt
103,https://docs.netapp.com/us-en/astra-automation-2108/get-started/hello_world.html,files/output104.txt
104,https://docs.netapp.com/us-en/astra-automation-2108/rest-core/http_details.html,files/output105.txt
105,https://docs.netapp.com/us-en/astra-automation-2108/intro/introduction.html,files/output106.txt
106,https://docs.netapp.com/us-en/astra-automation-2108/legal-notices.html,files/output107.txt
107,https://docs.netapp.com/us-en/astra-automation-2108/legal-notices.html,files/output108.txt
108,https://docs.netapp.com/us-en/astra-automation-2108/get-started/prepare_to_use_workflows.html,files/output109.txt
109,https://docs.netapp.com/us-en/astra-automation-2108/python/py_list_man_apps.html,files/output110.txt
110,https://docs.netapp.com/us-en/astra-automation-2108/python/python_before.html,files/output111.txt
111,https://docs.netapp.com/us-en/astra-automation-2108/endpoints/resources.html,files/output112.txt
112,https://docs.netapp.com/us-en/astra-automation-2108/rest-core/resources_collections.html,files/output113.txt
113,https://docs.netapp.com/us-en/astra-automation-2108/rest-core/rest_web_services.html,files/output114.txt
114,https://docs.netapp.com/us-en/astra-automation-2108//search.html,files/output115.txt
115,https://docs.netapp.com/us-en/astra-automation-2108/additional/security.html,files/output116.txt
116,https://docs.netapp.com/us-en/astra-automation-2108/rest-core/url_format.html,files/output117.txt
117,https://docs.netapp.com/us-en/astra-automation-2108/workflows/wf_clone_app.html,files/output118.txt
118,https://docs.netapp.com/us-en/astra-automation-2108/workflows/wf_clone_app_backup.html,files/output119.txt
119,https://docs.netapp.com/us-en/astra-automation-2108/workflows/wf_clone_app_snapshot.html,files/output120.txt
120,https://docs.netapp.com/us-en/astra-automation-2108/workflows/wf_create_backup.html,files/output121.txt
121,https://docs.netapp.com/us-en/astra-automation-2108/workflows/wf_create_snapshot.html,files/output122.txt
122,https://docs.netapp.com/us-en/astra-automation-2108/workflows/wf_delete_backup.html,files/output123.txt
123,https://docs.netapp.com/us-en/astra-automation-2108/workflows/wf_delete_failed_app.html,files/output124.txt
124,https://docs.netapp.com/us-en/astra-automation-2108/workflows/wf_delete_snapshot.html,files/output125.txt
125,https://docs.netapp.com/us-en/astra-automation-2108/workflows/wf_get_man_app.html,files/output126.txt
126,https://docs.netapp.com/us-en/astra-automation-2108/workflows/wf_list_backups.html,files/output127.txt
127,https://docs.netapp.com/us-en/astra-automation-2108/workflows_infra/wf_list_buckets.html,files/output128.txt
128,https://docs.netapp.com/us-en/astra-automation-2108/workflows/wf_list_man_apps.html,files/output129.txt
129,https://docs.netapp.com/us-en/astra-automation-2108/workflows_infra/wf_list_man_clusters.html,files/output130.txt
130,https://docs.netapp.com/us-en/astra-automation-2108/workflows/wf_list_notifications.html,files/output131.txt
131,https://docs.netapp.com/us-en/astra-automation-2108/workflows/wf_list_snapshots.html,files/output132.txt
132,https://docs.netapp.com/us-en/astra-automation-2108/workflows_infra/wf_list_storage_backends.html,files/output133.txt
133,https://docs.netapp.com/us-en/astra-automation-2108/workflows/wf_list_unman_apps.html,files/output134.txt
134,https://docs.netapp.com/us-en/astra-automation-2108/workflows_infra/wf_list_users.html,files/output135.txt
135,https://docs.netapp.com/us-en/astra-automation-2108/workflows/wf_manage_app.html,files/output136.txt
136,https://docs.netapp.com/us-en/astra-automation-2108/workflows/wf_restore_app_backup.html,files/output137.txt
137,https://docs.netapp.com/us-en/astra-automation-2108/workflows/wf_unmanage_app.html,files/output138.txt
138,https://docs.netapp.com/us-en/astra-automation-2108/rn/whats_new.html,files/output139.txt
139,https://docs.netapp.com/us-en/astra-automation-2108/workflows/workflows_before.html,files/output140.txt
140,https://docs.netapp.com/us-en/astra-automation-2108/workflows_infra/workflows_infra_before.html,files/output141.txt
141,https://docs.netapp.com/us-en/astra-automation-2108/additional/working_with_collections.html,files/output142.txt
142,https://docs.netapp.com/us-en/astra-automation/aa-earlier-versions.html,files/output143.txt
143,https://docs.netapp.com/us-en/astra-automation/rn/about.html,files/output144.txt
144,https://docs.netapp.com/us-en/astra-automation//reference/account_overview.html,files/output145.txt
145,https://docs.netapp.com/us-en/astra-automation/information/additional_resources.html,files/output146.txt
146,https://docs.netapp.com/us-en/astra-automation//reference/app_overview.html,files/output147.txt
147,https://docs.netapp.com/us-en/astra-automation//reference/application_asset_overview.html,files/output148.txt
148,https://docs.netapp.com/us-en/astra-automation//reference/application_backup_overview.html,files/output149.txt
149,https://docs.netapp.com/us-en/astra-automation//reference/application_snapshot_overview.html,files/output150.txt
150,https://docs.netapp.com/us-en/astra-automation//reference/appmirror_overview.html,files/output151.txt
151,https://docs.netapp.com/us-en/astra-automation/python/astra_toolkits.html,files/output152.txt
152,https://docs.netapp.com/us-en/astra-automation//reference/asup_overview.html,files/output153.txt
153,https://docs.netapp.com/us-en/astra-automation/get-started/before_get_started.html,files/output154.txt
154,https://docs.netapp.com/us-en/astra-automation//reference/bucket_overview.html,files/output155.txt
155,https://docs.netapp.com/us-en/astra-automation//reference/certificate_overview.html,files/output156.txt
156,https://docs.netapp.com/us-en/astra-automation//reference/cloud_overview.html,files/output157.txt
157,https://docs.netapp.com/us-en/astra-automation//reference/cluster_node_overview.html,files/output158.txt
158,https://docs.netapp.com/us-en/astra-automation//reference/cluster_overview.html,files/output159.txt
159,https://docs.netapp.com/us-en/astra-automation//reference/credential_overview.html,files/output160.txt
160,https://docs.netapp.com/us-en/astra-automation//reference/delete-accounts-.html,files/output161.txt
161,https://docs.netapp.com/us-en/astra-automation//reference/delete-accounts-core-v1-certificates-.html,files/output162.txt
162,https://docs.netapp.com/us-en/astra-automation//reference/delete-accounts-core-v1-credentials-.html,files/output163.txt
163,https://docs.netapp.com/us-en/astra-automation//reference/delete-accounts-core-v1-executionhooks-.html,files/output164.txt
164,https://docs.netapp.com/us-en/astra-automation//reference/delete-accounts-core-v1-groups-.html,files/output165.txt
165,https://docs.netapp.com/us-en/astra-automation//reference/delete-accounts-core-v1-groups-rolebindings-.html,files/output166.txt
166,https://docs.netapp.com/us-en/astra-automation//reference/delete-accounts-core-v1-groups-users-.html,files/output167.txt
167,https://docs.netapp.com/us-en/astra-automation//reference/delete-accounts-core-v1-groups-users-rolebindings-.html,files/output168.txt
168,https://docs.netapp.com/us-en/astra-automation//reference/delete-accounts-core-v1-groups-users-tokens-.html,files/output169.txt
169,https://docs.netapp.com/us-en/astra-automation//reference/delete-accounts-core-v1-groups-users-unreadnotifications-.html,files/output170.txt
170,https://docs.netapp.com/us-en/astra-automation//reference/delete-accounts-core-v1-hooksources-.html,files/output171.txt
171,https://docs.netapp.com/us-en/astra-automation//reference/delete-accounts-core-v1-licenses-.html,files/output172.txt
172,https://docs.netapp.com/us-en/astra-automation//reference/delete-accounts-core-v1-packages-.html,files/output173.txt
173,https://docs.netapp.com/us-en/astra-automation//reference/delete-accounts-core-v1-rolebindings-.html,files/output174.txt
174,https://docs.netapp.com/us-en/astra-automation//reference/delete-accounts-core-v1-subscriptions-.html,files/output175.txt
175,https://docs.netapp.com/us-en/astra-automation//reference/delete-accounts-core-v1-users-.html,files/output176.txt
176,https://docs.netapp.com/us-en/astra-automation//reference/delete-accounts-core-v1-users-groups-.html,files/output177.txt
177,https://docs.netapp.com/us-en/astra-automation//reference/delete-accounts-core-v1-users-groups-rolebindings-.html,files/output178.txt
178,https://docs.netapp.com/us-en/astra-automation//reference/delete-accounts-core-v1-users-rolebindings-.html,files/output179.txt
179,https://docs.netapp.com/us-en/astra-automation//reference/delete-accounts-core-v1-users-tokens-.html,files/output180.txt
180,https://docs.netapp.com/us-en/astra-automation//reference/delete-accounts-core-v1-users-unreadnotifications-.html,files/output181.txt
181,https://docs.netapp.com/us-en/astra-automation//reference/delete-accounts-k8s-v1-appmirrors-.html,files/output182.txt
182,https://docs.netapp.com/us-en/astra-automation//reference/delete-accounts-k8s-v1-apps-appbackups-.html,files/output183.txt
183,https://docs.netapp.com/us-en/astra-automation//reference/delete-accounts-k8s-v1-apps-appmirrors-.html,files/output184.txt
184,https://docs.netapp.com/us-en/astra-automation//reference/delete-accounts-k8s-v1-apps-appsnaps-.html,files/output185.txt
185,https://docs.netapp.com/us-en/astra-automation//reference/delete-accounts-k8s-v1-apps-executionhookoverrides-.html,files/output186.txt
186,https://docs.netapp.com/us-en/astra-automation//reference/delete-accounts-k8s-v1-apps-executionhooks-.html,files/output187.txt
187,https://docs.netapp.com/us-en/astra-automation//reference/delete-accounts-k8s-v1-apps-schedules-.html,files/output188.txt
188,https://docs.netapp.com/us-en/astra-automation//reference/delete-accounts-k8s-v2-apps-.html,files/output189.txt
189,https://docs.netapp.com/us-en/astra-automation//reference/delete-accounts-topology-v1-appbackups-.html,files/output190.txt
190,https://docs.netapp.com/us-en/astra-automation//reference/delete-accounts-topology-v1-buckets-.html,files/output191.txt
191,https://docs.netapp.com/us-en/astra-automation//reference/delete-accounts-topology-v1-clouds-.html,files/output192.txt
192,https://docs.netapp.com/us-en/astra-automation//reference/delete-accounts-topology-v1-clouds-clusters-.html,files/output193.txt
193,https://docs.netapp.com/us-en/astra-automation//reference/delete-accounts-topology-v1-clusters-.html,files/output194.txt
194,https://docs.netapp.com/us-en/astra-automation//reference/delete-accounts-topology-v1-managedclusters-.html,files/output195.txt
195,https://docs.netapp.com/us-en/astra-automation//reference/delete-accounts-topology-v1-storagebackends-.html,files/output196.txt
196,https://docs.netapp.com/us-en/astra-automation//reference/delete-accounts-topology-v2-managedclusters-apps-.html,files/output197.txt
197,https://docs.netapp.com/us-en/astra-automation/additional/diagnostics_support.html,files/output198.txt
198,https://docs.netapp.com/us-en/astra-automation//reference/entitlement_overview.html,files/output199.txt
199,https://docs.netapp.com/us-en/astra-automation//reference/event_overview.html,files/output200.txt
200,https://docs.netapp.com/us-en/astra-automation//reference/execution_hook_override_overview.html,files/output201.txt
201,https://docs.netapp.com/us-en/astra-automation//reference/execution_hook_overview.html,files/output202.txt
202,https://docs.netapp.com/us-en/astra-automation//reference/feature_overview.html,files/output203.txt
203,https://docs.netapp.com/us-en/astra-automation/get-started/first_call.html,files/output204.txt
204,https://docs.netapp.com/us-en/astra-automation//reference/get-accounts-.html,files/output205.txt
205,https://docs.netapp.com/us-en/astra-automation//reference/get-accounts-core-v1-asups-.html,files/output206.txt
206,https://docs.netapp.com/us-en/astra-automation//reference/get-accounts-core-v1-asups.html,files/output207.txt
207,https://docs.netapp.com/us-en/astra-automation//reference/get-accounts-core-v1-certificates-.html,files/output208.txt
208,https://docs.netapp.com/us-en/astra-automation//reference/get-accounts-core-v1-certificates.html,files/output209.txt
209,https://docs.netapp.com/us-en/astra-automation//reference/get-accounts-core-v1-credentials-.html,files/output210.txt
210,https://docs.netapp.com/us-en/astra-automation//reference/get-accounts-core-v1-credentials.html,files/output211.txt
211,https://docs.netapp.com/us-en/astra-automation//reference/get-accounts-core-v1-entitlements-.html,files/output212.txt
212,https://docs.netapp.com/us-en/astra-automation//reference/get-accounts-core-v1-entitlements.html,files/output213.txt
213,https://docs.netapp.com/us-en/astra-automation//reference/get-accounts-core-v1-events-.html,files/output214.txt
214,https://docs.netapp.com/us-en/astra-automation//reference/get-accounts-core-v1-events.html,files/output215.txt
215,https://docs.netapp.com/us-en/astra-automation//reference/get-accounts-core-v1-executionhooks-.html,files/output216.txt
216,https://docs.netapp.com/us-en/astra-automation//reference/get-accounts-core-v1-executionhooks.html,files/output217.txt
217,https://docs.netapp.com/us-en/astra-automation//reference/get-accounts-core-v1-features-.html,files/output218.txt
218,https://docs.netapp.com/us-en/astra-automation//reference/get-accounts-core-v1-features.html,files/output219.txt
219,https://docs.netapp.com/us-en/astra-automation//reference/get-accounts-core-v1-groups-.html,files/output220.txt
220,https://docs.netapp.com/us-en/astra-automation//reference/get-accounts-core-v1-groups-rolebindings-.html,files/output221.txt
221,https://docs.netapp.com/us-en/astra-automation//reference/get-accounts-core-v1-groups-rolebindings.html,files/output222.txt
222,https://docs.netapp.com/us-en/astra-automation//reference/get-accounts-core-v1-groups-users-.html,files/output223.txt
223,https://docs.netapp.com/us-en/astra-automation//reference/get-accounts-core-v1-groups-users-rolebindings-.html,files/output224.txt
224,https://docs.netapp.com/us-en/astra-automation//reference/get-accounts-core-v1-groups-users-rolebindings.html,files/output225.txt
225,https://docs.netapp.com/us-en/astra-automation//reference/get-accounts-core-v1-groups-users-tokens-.html,files/output226.txt
226,https://docs.netapp.com/us-en/astra-automation//reference/get-accounts-core-v1-groups-users-tokens.html,files/output227.txt
227,https://docs.netapp.com/us-en/astra-automation//reference/get-accounts-core-v1-groups-users-unreadnotifications-.html,files/output228.txt
228,https://docs.netapp.com/us-en/astra-automation//reference/get-accounts-core-v1-groups-users-unreadnotifications.html,files/output229.txt
229,https://docs.netapp.com/us-en/astra-automation//reference/get-accounts-core-v1-groups-users.html,files/output230.txt
230,https://docs.netapp.com/us-en/astra-automation//reference/get-accounts-core-v1-groups.html,files/output231.txt
231,https://docs.netapp.com/us-en/astra-automation//reference/get-accounts-core-v1-hooksources-.html,files/output232.txt
232,https://docs.netapp.com/us-en/astra-automation//reference/get-accounts-core-v1-hooksources.html,files/output233.txt
233,https://docs.netapp.com/us-en/astra-automation//reference/get-accounts-core-v1-ldapgroups-.html,files/output234.txt
234,https://docs.netapp.com/us-en/astra-automation//reference/get-accounts-core-v1-ldapgroups.html,files/output235.txt
235,https://docs.netapp.com/us-en/astra-automation//reference/get-accounts-core-v1-ldapusers-.html,files/output236.txt
236,https://docs.netapp.com/us-en/astra-automation//reference/get-accounts-core-v1-ldapusers.html,files/output237.txt
237,https://docs.netapp.com/us-en/astra-automation//reference/get-accounts-core-v1-licenses-.html,files/output238.txt
238,https://docs.netapp.com/us-en/astra-automation//reference/get-accounts-core-v1-licenses.html,files/output239.txt
239,https://docs.netapp.com/us-en/astra-automation//reference/get-accounts-core-v1-notifications-.html,files/output240.txt
240,https://docs.netapp.com/us-en/astra-automation//reference/get-accounts-core-v1-notifications.html,files/output241.txt
241,https://docs.netapp.com/us-en/astra-automation//reference/get-accounts-core-v1-packages-.html,files/output242.txt
242,https://docs.netapp.com/us-en/astra-automation//reference/get-accounts-core-v1-packages.html,files/output243.txt
243,https://docs.netapp.com/us-en/astra-automation//reference/get-accounts-core-v1-rolebindings-.html,files/output244.txt
244,https://docs.netapp.com/us-en/astra-automation//reference/get-accounts-core-v1-rolebindings.html,files/output245.txt
245,https://docs.netapp.com/us-en/astra-automation//reference/get-accounts-core-v1-settings-.html,files/output246.txt
246,https://docs.netapp.com/us-en/astra-automation//reference/get-accounts-core-v1-settings.html,files/output247.txt
247,https://docs.netapp.com/us-en/astra-automation//reference/get-accounts-core-v1-subscriptions-.html,files/output248.txt
248,https://docs.netapp.com/us-en/astra-automation//reference/get-accounts-core-v1-subscriptions.html,files/output249.txt
249,https://docs.netapp.com/us-en/astra-automation//reference/get-accounts-core-v1-tasks-.html,files/output250.txt
250,https://docs.netapp.com/us-en/astra-automation//reference/get-accounts-core-v1-tasks.html,files/output251.txt
251,https://docs.netapp.com/us-en/astra-automation//reference/get-accounts-core-v1-upgrades-.html,files/output252.txt
252,https://docs.netapp.com/us-en/astra-automation//reference/get-accounts-core-v1-upgrades.html,files/output253.txt
253,https://docs.netapp.com/us-en/astra-automation//reference/get-accounts-core-v1-users-.html,files/output254.txt
254,https://docs.netapp.com/us-en/astra-automation//reference/get-accounts-core-v1-users-groups-.html,files/output255.txt
255,https://docs.netapp.com/us-en/astra-automation//reference/get-accounts-core-v1-users-groups-rolebindings-.html,files/output256.txt
256,https://docs.netapp.com/us-en/astra-automation//reference/get-accounts-core-v1-users-groups-rolebindings.html,files/output257.txt
257,https://docs.netapp.com/us-en/astra-automation//reference/get-accounts-core-v1-users-groups.html,files/output258.txt
258,https://docs.netapp.com/us-en/astra-automation//reference/get-accounts-core-v1-users-rolebindings-.html,files/output259.txt
259,https://docs.netapp.com/us-en/astra-automation//reference/get-accounts-core-v1-users-rolebindings.html,files/output260.txt
260,https://docs.netapp.com/us-en/astra-automation//reference/get-accounts-core-v1-users-tokens-.html,files/output261.txt
261,https://docs.netapp.com/us-en/astra-automation//reference/get-accounts-core-v1-users-tokens.html,files/output262.txt
262,https://docs.netapp.com/us-en/astra-automation//reference/get-accounts-core-v1-users-unreadnotifications-.html,files/output263.txt
263,https://docs.netapp.com/us-en/astra-automation//reference/get-accounts-core-v1-users-unreadnotifications.html,files/output264.txt
264,https://docs.netapp.com/us-en/astra-automation//reference/get-accounts-core-v1-users.html,files/output265.txt
265,https://docs.netapp.com/us-en/astra-automation//reference/get-accounts-k8s-v1-appmirrors-.html,files/output266.txt
266,https://docs.netapp.com/us-en/astra-automation//reference/get-accounts-k8s-v1-appmirrors.html,files/output267.txt
267,https://docs.netapp.com/us-en/astra-automation//reference/get-accounts-k8s-v1-apps-appassets-.html,files/output268.txt
268,https://docs.netapp.com/us-en/astra-automation//reference/get-accounts-k8s-v1-apps-appassets.html,files/output269.txt
269,https://docs.netapp.com/us-en/astra-automation//reference/get-accounts-k8s-v1-apps-appbackups-.html,files/output270.txt
270,https://docs.netapp.com/us-en/astra-automation//reference/get-accounts-k8s-v1-apps-appbackups-appassets-.html,files/output271.txt
271,https://docs.netapp.com/us-en/astra-automation//reference/get-accounts-k8s-v1-apps-appbackups-appassets.html,files/output272.txt
272,https://docs.netapp.com/us-en/astra-automation//reference/get-accounts-k8s-v1-apps-appbackups.html,files/output273.txt
273,https://docs.netapp.com/us-en/astra-automation//reference/get-accounts-k8s-v1-apps-appmirrors-.html,files/output274.txt
274,https://docs.netapp.com/us-en/astra-automation//reference/get-accounts-k8s-v1-apps-appmirrors.html,files/output275.txt
275,https://docs.netapp.com/us-en/astra-automation//reference/get-accounts-k8s-v1-apps-appsnaps-.html,files/output276.txt
276,https://docs.netapp.com/us-en/astra-automation//reference/get-accounts-k8s-v1-apps-appsnaps-appassets-.html,files/output277.txt
277,https://docs.netapp.com/us-en/astra-automation//reference/get-accounts-k8s-v1-apps-appsnaps-appassets.html,files/output278.txt
278,https://docs.netapp.com/us-en/astra-automation//reference/get-accounts-k8s-v1-apps-appsnaps.html,files/output279.txt
279,https://docs.netapp.com/us-en/astra-automation//reference/get-accounts-k8s-v1-apps-executionhookoverrides-.html,files/output280.txt
280,https://docs.netapp.com/us-en/astra-automation//reference/get-accounts-k8s-v1-apps-executionhookoverrides.html,files/output281.txt
281,https://docs.netapp.com/us-en/astra-automation//reference/get-accounts-k8s-v1-apps-executionhooks-.html,files/output282.txt
282,https://docs.netapp.com/us-en/astra-automation//reference/get-accounts-k8s-v1-apps-executionhooks.html,files/output283.txt
283,https://docs.netapp.com/us-en/astra-automation//reference/get-accounts-k8s-v1-apps-schedules-.html,files/output284.txt
284,https://docs.netapp.com/us-en/astra-automation//reference/get-accounts-k8s-v1-apps-schedules.html,files/output285.txt
285,https://docs.netapp.com/us-en/astra-automation//reference/get-accounts-k8s-v1-apps-volumes-.html,files/output286.txt
286,https://docs.netapp.com/us-en/astra-automation//reference/get-accounts-k8s-v1-apps-volumes.html,files/output287.txt
287,https://docs.netapp.com/us-en/astra-automation//reference/get-accounts-k8s-v2-apps-.html,files/output288.txt
288,https://docs.netapp.com/us-en/astra-automation//reference/get-accounts-k8s-v2-apps.html,files/output289.txt
289,https://docs.netapp.com/us-en/astra-automation//reference/get-accounts-metrics.html,files/output290.txt
290,https://docs.netapp.com/us-en/astra-automation//reference/get-accounts-topology-v1-appbackups-.html,files/output291.txt
291,https://docs.netapp.com/us-en/astra-automation//reference/get-accounts-topology-v1-appbackups-appassets-.html,files/output292.txt
292,https://docs.netapp.com/us-en/astra-automation//reference/get-accounts-topology-v1-appbackups-appassets.html,files/output293.txt
293,https://docs.netapp.com/us-en/astra-automation//reference/get-accounts-topology-v1-appbackups.html,files/output294.txt
294,https://docs.netapp.com/us-en/astra-automation//reference/get-accounts-topology-v1-buckets-.html,files/output295.txt
295,https://docs.netapp.com/us-en/astra-automation//reference/get-accounts-topology-v1-buckets.html,files/output296.txt
296,https://docs.netapp.com/us-en/astra-automation//reference/get-accounts-topology-v1-clouds-.html,files/output297.txt
297,https://docs.netapp.com/us-en/astra-automation//reference/get-accounts-topology-v1-clouds-clusters-.html,files/output298.txt
298,https://docs.netapp.com/us-en/astra-automation//reference/get-accounts-topology-v1-clouds-clusters-clusternodes-.html,files/output299.txt
299,https://docs.netapp.com/us-en/astra-automation//reference/get-accounts-topology-v1-clouds-clusters-clusternodes.html,files/output300.txt
300,https://docs.netapp.com/us-en/astra-automation//reference/get-accounts-topology-v1-clouds-clusters-namespaces-.html,files/output301.txt
301,https://docs.netapp.com/us-en/astra-automation//reference/get-accounts-topology-v1-clouds-clusters-namespaces.html,files/output302.txt
302,https://docs.netapp.com/us-en/astra-automation//reference/get-accounts-topology-v1-clouds-clusters-storageclasses-.html,files/output303.txt
303,https://docs.netapp.com/us-en/astra-automation//reference/get-accounts-topology-v1-clouds-clusters-storageclasses.html,files/output304.txt
304,https://docs.netapp.com/us-en/astra-automation//reference/get-accounts-topology-v1-clouds-clusters.html,files/output305.txt
305,https://docs.netapp.com/us-en/astra-automation//reference/get-accounts-topology-v1-clouds.html,files/output306.txt
306,https://docs.netapp.com/us-en/astra-automation//reference/get-accounts-topology-v1-clusters-.html,files/output307.txt
307,https://docs.netapp.com/us-en/astra-automation//reference/get-accounts-topology-v1-clusters-clusternodes-.html,files/output308.txt
308,https://docs.netapp.com/us-en/astra-automation//reference/get-accounts-topology-v1-clusters-clusternodes.html,files/output309.txt
309,https://docs.netapp.com/us-en/astra-automation//reference/get-accounts-topology-v1-clusters-namespaces-.html,files/output310.txt
310,https://docs.netapp.com/us-en/astra-automation//reference/get-accounts-topology-v1-clusters-namespaces.html,files/output311.txt
311,https://docs.netapp.com/us-en/astra-automation//reference/get-accounts-topology-v1-clusters-storageclasses-.html,files/output312.txt
312,https://docs.netapp.com/us-en/astra-automation//reference/get-accounts-topology-v1-clusters-storageclasses.html,files/output313.txt
313,https://docs.netapp.com/us-en/astra-automation//reference/get-accounts-topology-v1-clusters.html,files/output314.txt
314,https://docs.netapp.com/us-en/astra-automation//reference/get-accounts-topology-v1-managedclusters-.html,files/output315.txt
315,https://docs.netapp.com/us-en/astra-automation//reference/get-accounts-topology-v1-managedclusters-apiresources-.html,files/output316.txt
316,https://docs.netapp.com/us-en/astra-automation//reference/get-accounts-topology-v1-managedclusters-apiresources.html,files/output317.txt
317,https://docs.netapp.com/us-en/astra-automation//reference/get-accounts-topology-v1-managedclusters-apps-appassets-.html,files/output318.txt
318,https://docs.netapp.com/us-en/astra-automation//reference/get-accounts-topology-v1-managedclusters-apps-appassets.html,files/output319.txt
319,https://docs.netapp.com/us-en/astra-automation//reference/get-accounts-topology-v1-managedclusters-clusternodes-.html,files/output320.txt
320,https://docs.netapp.com/us-en/astra-automation//reference/get-accounts-topology-v1-managedclusters-clusternodes.html,files/output321.txt
321,https://docs.netapp.com/us-en/astra-automation//reference/get-accounts-topology-v1-managedclusters-namespaces-.html,files/output322.txt
322,https://docs.netapp.com/us-en/astra-automation//reference/get-accounts-topology-v1-managedclusters-namespaces.html,files/output323.txt
323,https://docs.netapp.com/us-en/astra-automation//reference/get-accounts-topology-v1-managedclusters-storageclasses-.html,files/output324.txt
324,https://docs.netapp.com/us-en/astra-automation//reference/get-accounts-topology-v1-managedclusters-storageclasses.html,files/output325.txt
325,https://docs.netapp.com/us-en/astra-automation//reference/get-accounts-topology-v1-managedclusters-volumes-.html,files/output326.txt
326,https://docs.netapp.com/us-en/astra-automation//reference/get-accounts-topology-v1-managedclusters-volumes.html,files/output327.txt
327,https://docs.netapp.com/us-en/astra-automation//reference/get-accounts-topology-v1-managedclusters.html,files/output328.txt
328,https://docs.netapp.com/us-en/astra-automation//reference/get-accounts-topology-v1-namespaces-.html,files/output329.txt
329,https://docs.netapp.com/us-en/astra-automation//reference/get-accounts-topology-v1-namespaces.html,files/output330.txt
330,https://docs.netapp.com/us-en/astra-automation//reference/get-accounts-topology-v1-storagebackends-.html,files/output331.txt
331,https://docs.netapp.com/us-en/astra-automation//reference/get-accounts-topology-v1-storagebackends-volumes-.html,files/output332.txt
332,https://docs.netapp.com/us-en/astra-automation//reference/get-accounts-topology-v1-storagebackends-volumes.html,files/output333.txt
333,https://docs.netapp.com/us-en/astra-automation//reference/get-accounts-topology-v1-storagebackends.html,files/output334.txt
334,https://docs.netapp.com/us-en/astra-automation//reference/get-accounts-topology-v1-volumes-.html,files/output335.txt
335,https://docs.netapp.com/us-en/astra-automation//reference/get-accounts-topology-v1-volumes.html,files/output336.txt
336,https://docs.netapp.com/us-en/astra-automation//reference/get-accounts-topology-v2-managedclusters-apps-.html,files/output337.txt
337,https://docs.netapp.com/us-en/astra-automation//reference/get-accounts-topology-v2-managedclusters-apps.html,files/output338.txt
338,https://docs.netapp.com/us-en/astra-automation//reference/get-accounts.html,files/output339.txt
339,https://docs.netapp.com/us-en/astra-automation/get-started/get_api_token.html,files/output340.txt
340,https://docs.netapp.com/us-en/astra-automation//reference/group_overview.html,files/output341.txt
341,https://docs.netapp.com/us-en/astra-automation//reference/hook_source_overview.html,files/output342.txt
342,https://docs.netapp.com/us-en/astra-automation/rest-core/http_details.html,files/output343.txt
343,https://docs.netapp.com/us-en/astra-automation/rn/known_issues.html,files/output344.txt
344,https://docs.netapp.com/us-en/astra-automation//reference/kubernetes_api_resource_overview.html,files/output345.txt
345,https://docs.netapp.com/us-en/astra-automation/get-started/kubernetes_concepts.html,files/output346.txt
346,https://docs.netapp.com/us-en/astra-automation//reference/ldap_group_overview.html,files/output347.txt
347,https://docs.netapp.com/us-en/astra-automation/workflows_infra/ldap_prepare.html,files/output348.txt
348,https://docs.netapp.com/us-en/astra-automation//reference/ldap_user_overview.html,files/output349.txt
349,https://docs.netapp.com/us-en/astra-automation/legal-notices.html,files/output350.txt
350,https://docs.netapp.com/us-en/astra-automation//reference/license_overview.html,files/output351.txt
351,https://docs.netapp.com/us-en/astra-automation//reference/managed_cluster_overview.html,files/output352.txt
352,https://docs.netapp.com/us-en/astra-automation//reference/metrics_overview.html,files/output353.txt
353,https://docs.netapp.com/us-en/astra-automation//reference/namespace_overview.html,files/output354.txt
354,https://docs.netapp.com/us-en/astra-automation//reference/notification_overview.html,files/output355.txt
355,https://docs.netapp.com/us-en/astra-automation/get-started/online_api_call.html,files/output356.txt
356,https://docs.netapp.com/us-en/astra-automation/get-started/online_api_ref.html,files/output357.txt
357,https://docs.netapp.com/us-en/astra-automation//reference/overview.html,files/output358.txt
358,https://docs.netapp.com/us-en/astra-automation/intro/overview.html,files/output359.txt
359,https://docs.netapp.com/us-en/astra-automation//reference/package_overview.html,files/output360.txt
360,https://docs.netapp.com/us-en/astra-automation//reference/post-accounts-core-v1-asups.html,files/output361.txt
361,https://docs.netapp.com/us-en/astra-automation//reference/post-accounts-core-v1-certificates.html,files/output362.txt
362,https://docs.netapp.com/us-en/astra-automation//reference/post-accounts-core-v1-credentials.html,files/output363.txt
363,https://docs.netapp.com/us-en/astra-automation//reference/post-accounts-core-v1-executionhooks.html,files/output364.txt
364,https://docs.netapp.com/us-en/astra-automation//reference/post-accounts-core-v1-groups-rolebindings.html,files/output365.txt
365,https://docs.netapp.com/us-en/astra-automation//reference/post-accounts-core-v1-groups-users-rolebindings.html,files/output366.txt
366,https://docs.netapp.com/us-en/astra-automation//reference/post-accounts-core-v1-groups-users-tokens.html,files/output367.txt
367,https://docs.netapp.com/us-en/astra-automation//reference/post-accounts-core-v1-groups-users.html,files/output368.txt
368,https://docs.netapp.com/us-en/astra-automation//reference/post-accounts-core-v1-groups.html,files/output369.txt
369,https://docs.netapp.com/us-en/astra-automation//reference/post-accounts-core-v1-hooksources.html,files/output370.txt
370,https://docs.netapp.com/us-en/astra-automation//reference/post-accounts-core-v1-licenses.html,files/output371.txt
371,https://docs.netapp.com/us-en/astra-automation//reference/post-accounts-core-v1-packages.html,files/output372.txt
372,https://docs.netapp.com/us-en/astra-automation//reference/post-accounts-core-v1-rolebindings.html,files/output373.txt
373,https://docs.netapp.com/us-en/astra-automation//reference/post-accounts-core-v1-subscriptions.html,files/output374.txt
374,https://docs.netapp.com/us-en/astra-automation//reference/post-accounts-core-v1-users-groups-rolebindings.html,files/output375.txt
375,https://docs.netapp.com/us-en/astra-automation//reference/post-accounts-core-v1-users-groups.html,files/output376.txt
376,https://docs.netapp.com/us-en/astra-automation//reference/post-accounts-core-v1-users-rolebindings.html,files/output377.txt
377,https://docs.netapp.com/us-en/astra-automation//reference/post-accounts-core-v1-users-tokens.html,files/output378.txt
378,https://docs.netapp.com/us-en/astra-automation//reference/post-accounts-core-v1-users.html,files/output379.txt
379,https://docs.netapp.com/us-en/astra-automation//reference/post-accounts-k8s-v1-appmirrors.html,files/output380.txt
380,https://docs.netapp.com/us-en/astra-automation//reference/post-accounts-k8s-v1-apps-appbackups.html,files/output381.txt
381,https://docs.netapp.com/us-en/astra-automation//reference/post-accounts-k8s-v1-apps-appmirrors.html,files/output382.txt
382,https://docs.netapp.com/us-en/astra-automation//reference/post-accounts-k8s-v1-apps-appsnaps.html,files/output383.txt
383,https://docs.netapp.com/us-en/astra-automation//reference/post-accounts-k8s-v1-apps-executionhookoverrides.html,files/output384.txt
384,https://docs.netapp.com/us-en/astra-automation//reference/post-accounts-k8s-v1-apps-executionhooks.html,files/output385.txt
385,https://docs.netapp.com/us-en/astra-automation//reference/post-accounts-k8s-v1-apps-schedules.html,files/output386.txt
386,https://docs.netapp.com/us-en/astra-automation//reference/post-accounts-k8s-v2-apps.html,files/output387.txt
387,https://docs.netapp.com/us-en/astra-automation//reference/post-accounts-topology-v1-buckets.html,files/output388.txt
388,https://docs.netapp.com/us-en/astra-automation//reference/post-accounts-topology-v1-clouds-clusters.html,files/output389.txt
389,https://docs.netapp.com/us-en/astra-automation//reference/post-accounts-topology-v1-clouds.html,files/output390.txt
390,https://docs.netapp.com/us-en/astra-automation//reference/post-accounts-topology-v1-managedclusters.html,files/output391.txt
391,https://docs.netapp.com/us-en/astra-automation//reference/post-accounts-topology-v1-storagebackends.html,files/output392.txt
392,https://docs.netapp.com/us-en/astra-automation//reference/post-accounts-topology-v2-managedclusters-apps.html,files/output393.txt
393,https://docs.netapp.com/us-en/astra-automation//reference/post-accounts.html,files/output394.txt
394,https://docs.netapp.com/us-en/astra-automation/get-started/prepare_to_use_workflows.html,files/output395.txt
395,https://docs.netapp.com/us-en/astra-automation//reference/put-accounts-.html,files/output396.txt
396,https://docs.netapp.com/us-en/astra-automation//reference/put-accounts-core-v1-certificates-.html,files/output397.txt
397,https://docs.netapp.com/us-en/astra-automation//reference/put-accounts-core-v1-credentials-.html,files/output398.txt
398,https://docs.netapp.com/us-en/astra-automation//reference/put-accounts-core-v1-executionhooks-.html,files/output399.txt
399,https://docs.netapp.com/us-en/astra-automation//reference/put-accounts-core-v1-groups-.html,files/output400.txt
400,https://docs.netapp.com/us-en/astra-automation//reference/put-accounts-core-v1-groups-rolebindings-.html,files/output401.txt
401,https://docs.netapp.com/us-en/astra-automation//reference/put-accounts-core-v1-groups-users-.html,files/output402.txt
402,https://docs.netapp.com/us-en/astra-automation//reference/put-accounts-core-v1-groups-users-rolebindings-.html,files/output403.txt
403,https://docs.netapp.com/us-en/astra-automation//reference/put-accounts-core-v1-groups-users-tokens-.html,files/output404.txt
404,https://docs.netapp.com/us-en/astra-automation//reference/put-accounts-core-v1-hooksources-.html,files/output405.txt
405,https://docs.netapp.com/us-en/astra-automation//reference/put-accounts-core-v1-licenses-.html,files/output406.txt
406,https://docs.netapp.com/us-en/astra-automation//reference/put-accounts-core-v1-rolebindings-.html,files/output407.txt
407,https://docs.netapp.com/us-en/astra-automation//reference/put-accounts-core-v1-settings-.html,files/output408.txt
408,https://docs.netapp.com/us-en/astra-automation//reference/put-accounts-core-v1-subscriptions-.html,files/output409.txt
409,https://docs.netapp.com/us-en/astra-automation//reference/put-accounts-core-v1-upgrades-.html,files/output410.txt
410,https://docs.netapp.com/us-en/astra-automation//reference/put-accounts-core-v1-users-.html,files/output411.txt
411,https://docs.netapp.com/us-en/astra-automation//reference/put-accounts-core-v1-users-groups-.html,files/output412.txt
412,https://docs.netapp.com/us-en/astra-automation//reference/put-accounts-core-v1-users-groups-rolebindings-.html,files/output413.txt
413,https://docs.netapp.com/us-en/astra-automation//reference/put-accounts-core-v1-users-rolebindings-.html,files/output414.txt
414,https://docs.netapp.com/us-en/astra-automation//reference/put-accounts-core-v1-users-tokens-.html,files/output415.txt
415,https://docs.netapp.com/us-en/astra-automation//reference/put-accounts-k8s-v1-appmirrors-.html,files/output416.txt
416,https://docs.netapp.com/us-en/astra-automation//reference/put-accounts-k8s-v1-apps-appmirrors-.html,files/output417.txt
417,https://docs.netapp.com/us-en/astra-automation//reference/put-accounts-k8s-v1-apps-executionhookoverrides-.html,files/output418.txt
418,https://docs.netapp.com/us-en/astra-automation//reference/put-accounts-k8s-v1-apps-executionhooks-.html,files/output419.txt
419,https://docs.netapp.com/us-en/astra-automation//reference/put-accounts-k8s-v1-apps-schedules-.html,files/output420.txt
420,https://docs.netapp.com/us-en/astra-automation//reference/put-accounts-k8s-v2-apps-.html,files/output421.txt
421,https://docs.netapp.com/us-en/astra-automation//reference/put-accounts-topology-v1-buckets-.html,files/output422.txt
422,https://docs.netapp.com/us-en/astra-automation//reference/put-accounts-topology-v1-clouds-.html,files/output423.txt
423,https://docs.netapp.com/us-en/astra-automation//reference/put-accounts-topology-v1-clouds-clusters-.html,files/output424.txt
424,https://docs.netapp.com/us-en/astra-automation//reference/put-accounts-topology-v1-clusters-.html,files/output425.txt
425,https://docs.netapp.com/us-en/astra-automation//reference/put-accounts-topology-v1-managedclusters-.html,files/output426.txt
426,https://docs.netapp.com/us-en/astra-automation//reference/put-accounts-topology-v1-storagebackends-.html,files/output427.txt
427,https://docs.netapp.com/us-en/astra-automation//reference/put-accounts-topology-v2-managedclusters-apps-.html,files/output428.txt
428,https://docs.netapp.com/us-en/astra-automation/python/py_list_man_apps.html,files/output429.txt
429,https://docs.netapp.com/us-en/astra-automation/python/python_before.html,files/output430.txt
430,https://docs.netapp.com/us-en/astra-automation/additional/rbac.html,files/output431.txt
431,https://docs.netapp.com/us-en/astra-automation/endpoints/resources.html,files/output432.txt
432,https://docs.netapp.com/us-en/astra-automation/rest-core/resources_collections.html,files/output433.txt
433,https://docs.netapp.com/us-en/astra-automation/rest-core/rest_web_services.html,files/output434.txt
434,https://docs.netapp.com/us-en/astra-automation/additional/revoke_token.html,files/output435.txt
435,https://docs.netapp.com/us-en/astra-automation//reference/role_binding_overview.html,files/output436.txt
436,https://docs.netapp.com/us-en/astra-automation//reference/schedule_overview.html,files/output437.txt
437,https://docs.netapp.com/us-en/astra-automation//search.html,files/output438.txt
438,https://docs.netapp.com/us-en/astra-automation//reference/setting_overview.html,files/output439.txt
439,https://docs.netapp.com/us-en/astra-automation//reference/storage_backend_overview.html,files/output440.txt
440,https://docs.netapp.com/us-en/astra-automation//reference/storage_class_overview.html,files/output441.txt
441,https://docs.netapp.com/us-en/astra-automation//reference/subscription_overview.html,files/output442.txt
442,https://docs.netapp.com/us-en/astra-automation//reference/task_overview.html,files/output443.txt
443,https://docs.netapp.com/us-en/astra-automation//reference/token_overview.html,files/output444.txt
444,https://docs.netapp.com/us-en/astra-automation//reference/unread_notification_overview.html,files/output445.txt
445,https://docs.netapp.com/us-en/astra-automation//reference/upgrade_overview.html,files/output446.txt
446,https://docs.netapp.com/us-en/astra-automation/rest-core/url_format.html,files/output447.txt
447,https://docs.netapp.com/us-en/astra-automation//reference/user_overview.html,files/output448.txt
448,https://docs.netapp.com/us-en/astra-automation//reference/volume_overview.html,files/output449.txt
449,https://docs.netapp.com/us-en/astra-automation/workflows_infra/wf_add_cluster.html,files/output450.txt
450,https://docs.netapp.com/us-en/astra-automation/workflows/wf_clone_app.html,files/output451.txt
451,https://docs.netapp.com/us-en/astra-automation/workflows/wf_clone_app_backup.html,files/output452.txt
452,https://docs.netapp.com/us-en/astra-automation/workflows/wf_clone_app_snapshot.html,files/output453.txt
453,https://docs.netapp.com/us-en/astra-automation/workflows/wf_create_backup.html,files/output454.txt
454,https://docs.netapp.com/us-en/astra-automation/workflows/wf_create_protection.html,files/output455.txt
455,https://docs.netapp.com/us-en/astra-automation/workflows/wf_create_snapshot.html,files/output456.txt
456,https://docs.netapp.com/us-en/astra-automation/workflows_infra/wf_create_user.html,files/output457.txt
457,https://docs.netapp.com/us-en/astra-automation/workflows/wf_delete_backup.html,files/output458.txt
458,https://docs.netapp.com/us-en/astra-automation/workflows/wf_delete_failed_app.html,files/output459.txt
459,https://docs.netapp.com/us-en/astra-automation/workflows/wf_delete_snapshot.html,files/output460.txt
460,https://docs.netapp.com/us-en/astra-automation/workflows_infra/wf_enable_anf_dyn_pools.html,files/output461.txt
461,https://docs.netapp.com/us-en/astra-automation/workflows/wf_get_man_app.html,files/output462.txt
462,https://docs.netapp.com/us-en/astra-automation/workflows_infra/wf_ldap_add_entries.html,files/output463.txt
463,https://docs.netapp.com/us-en/astra-automation/workflows_infra/wf_ldap_configure_server.html,files/output464.txt
464,https://docs.netapp.com/us-en/astra-automation/workflows_infra/wf_ldap_disable_reset.html,files/output465.txt
465,https://docs.netapp.com/us-en/astra-automation/workflows/wf_list_backups.html,files/output466.txt
466,https://docs.netapp.com/us-en/astra-automation/workflows_infra/wf_list_buckets.html,files/output467.txt
467,https://docs.netapp.com/us-en/astra-automation/workflows_infra/wf_list_clouds.html,files/output468.txt
468,https://docs.netapp.com/us-en/astra-automation/workflows_infra/wf_list_clusters.html,files/output469.txt
469,https://docs.netapp.com/us-en/astra-automation/workflows/wf_list_man_apps.html,files/output470.txt
470,https://docs.netapp.com/us-en/astra-automation/workflows_infra/wf_list_man_clusters.html,files/output471.txt
471,https://docs.netapp.com/us-en/astra-automation/workflows/wf_list_namespaces.html,files/output472.txt
472,https://docs.netapp.com/us-en/astra-automation/workflows/wf_list_notifications.html,files/output473.txt
473,https://docs.netapp.com/us-en/astra-automation/workflows/wf_list_snapshots.html,files/output474.txt
474,https://docs.netapp.com/us-en/astra-automation/workflows_infra/wf_list_storage_backends.html,files/output475.txt
475,https://docs.netapp.com/us-en/astra-automation/workflows_infra/wf_list_storage_classes.html,files/output476.txt
476,https://docs.netapp.com/us-en/astra-automation/workflows_infra/wf_list_users.html,files/output477.txt
477,https://docs.netapp.com/us-en/astra-automation/workflows_infra/wf_man_cluster.html,files/output478.txt
478,https://docs.netapp.com/us-en/astra-automation/workflows/wf_manage_app.html,files/output479.txt
479,https://docs.netapp.com/us-en/astra-automation/workflows/wf_restore_app_backup.html,files/output480.txt
480,https://docs.netapp.com/us-en/astra-automation/workflows/wf_unmanage_app.html,files/output481.txt
481,https://docs.netapp.com/us-en/astra-automation/rn/whats_new.html,files/output482.txt
482,https://docs.netapp.com/us-en/astra-automation/additional/work_with_collections.html,files/output483.txt
483,https://docs.netapp.com/us-en/astra-automation/workflows/workflows_before.html,files/output484.txt
484,https://docs.netapp.com/us-en/astra-automation/workflows_infra/workflows_infra_before.html,files/output485.txt
485,https://docs.netapp.com/us-en/astra-control-center-2211/acc-earlier-versions.html,files/output486.txt
486,https://docs.netapp.com/us-en/astra-control-center-2211/get-started/acc_cluster_cr_options.html,files/output487.txt
487,https://docs.netapp.com/us-en/astra-control-center-2211/get-started/acc_operatorhub_install.html,files/output488.txt
488,https://docs.netapp.com/us-en/astra-control-center-2211/rest-api/api-intro.html,files/output489.txt
489,https://docs.netapp.com/us-en/astra-control-center-2211/concepts/app-management.html,files/output490.txt
490,https://docs.netapp.com/us-en/astra-control-center-2211/concepts/architecture.html,files/output491.txt
491,https://docs.netapp.com/us-en/astra-control-center-2211/get-started/cert-manager-prereqs.html,files/output492.txt
492,https://docs.netapp.com/us-en/astra-control-center-2211/concepts/choose-class-and-size.html,files/output493.txt
493,https://docs.netapp.com/us-en/astra-control-center-2211/use/clone-apps.html,files/output494.txt
494,https://docs.netapp.com/us-en/astra-control-center-2211/use/close-account.html,files/output495.txt
495,https://docs.netapp.com/us-en/astra-control-center-2211/get-started/configure-after-install.html,files/output496.txt
496,https://docs.netapp.com/us-en/astra-control-center-2211/concepts/data-protection.html,files/output497.txt
497,https://docs.netapp.com/us-en/astra-control-center-2211/use/define-custom-app.html,files/output498.txt
498,https://docs.netapp.com/us-en/astra-control-center-2211/use/execution-hooks.html,files/output499.txt
499,https://docs.netapp.com/us-en/astra-control-center-2211/get-started/faq.html,files/output500.txt
500,https://docs.netapp.com/us-en/astra-control-center-2211/support/get-help.html,files/output501.txt
501,https://docs.netapp.com/us-en/astra-control-center-2211/get-started/install_acc-cvo.html,files/output502.txt
502,https://docs.netapp.com/us-en/astra-control-center-2211/get-started/install_acc.html,files/output503.txt
503,https://docs.netapp.com/us-en/astra-control-center-2211/get-started/install_overview.html,files/output504.txt
504,https://docs.netapp.com/us-en/astra-control-center-2211/get-started/intro.html,files/output505.txt
505,https://docs.netapp.com/us-en/astra-control-center-2211/release-notes/known-issues.html,files/output506.txt
506,https://docs.netapp.com/us-en/astra-control-center-2211/release-notes/known-limitations.html,files/output507.txt
507,https://docs.netapp.com/us-en/astra-control-center-2211/legal-notices.html,files/output508.txt
508,https://docs.netapp.com/us-en/astra-control-center-2211/concepts/licensing.html,files/output509.txt
509,https://docs.netapp.com/us-en/astra-control-center-2211/use/manage-apps.html,files/output510.txt
510,https://docs.netapp.com/us-en/astra-control-center-2211/use/manage-backend.html,files/output511.txt
511,https://docs.netapp.com/us-en/astra-control-center-2211/use/manage-buckets.html,files/output512.txt
512,https://docs.netapp.com/us-en/astra-control-center-2211/use/manage-credentials.html,files/output513.txt
513,https://docs.netapp.com/us-en/astra-control-center-2211/use/manage-local-users-and-roles.html,files/output514.txt
514,https://docs.netapp.com/us-en/astra-control-center-2211/use/manage-notifications.html,files/output515.txt
515,https://docs.netapp.com/us-en/astra-control-center-2211/use/manage-remote-authentication.html,files/output516.txt
516,https://docs.netapp.com/us-en/astra-control-center-2211/use/manage-remote-users-groups.html,files/output517.txt
517,https://docs.netapp.com/us-en/astra-control-center-2211/use/manage-users.html,files/output518.txt
518,https://docs.netapp.com/us-en/astra-control-center-2211/use/monitor-protect.html,files/output519.txt
519,https://docs.netapp.com/us-en/astra-control-center-2211/use/monitor-running-tasks.html,files/output520.txt
520,https://docs.netapp.com/us-en/astra-control-center-2211/use/protect-apps.html,files/output521.txt
521,https://docs.netapp.com/us-en/astra-control-center-2211/use/protection-overview.html,files/output522.txt
522,https://docs.netapp.com/us-en/astra-control-center-2211/get-started/quick-start.html,files/output523.txt
523,https://docs.netapp.com/us-en/astra-control-center-2211/use/replicate_snapmirror.html,files/output524.txt
524,https://docs.netapp.com/us-en/astra-control-center-2211/get-started/requirements.html,files/output525.txt
525,https://docs.netapp.com/us-en/astra-control-center-2211/use/restore-apps.html,files/output526.txt
526,https://docs.netapp.com/us-en/astra-control-center-2211/release-notes/rn_overview.html,files/output527.txt
527,https://docs.netapp.com/us-en/astra-control-center-2211//search.html,files/output528.txt
528,https://docs.netapp.com/us-en/astra-control-center-2211/get-started/setup_overview.html,files/output529.txt
529,https://docs.netapp.com/us-en/astra-control-center-2211/support/troubleshooting-acc.html,files/output530.txt
530,https://docs.netapp.com/us-en/astra-control-center-2211/concepts/understand-pod-security.html,files/output531.txt
531,https://docs.netapp.com/us-en/astra-control-center-2211/use/uninstall_acc.html,files/output532.txt
532,https://docs.netapp.com/us-en/astra-control-center-2211/use/unmanage.html,files/output533.txt
533,https://docs.netapp.com/us-en/astra-control-center-2211/use/update-licenses.html,files/output534.txt
534,https://docs.netapp.com/us-en/astra-control-center-2211/use/upgrade-acc.html,files/output535.txt
535,https://docs.netapp.com/us-en/astra-control-center-2211/concepts/user-roles-namespaces.html,files/output536.txt
536,https://docs.netapp.com/us-en/astra-control-center-2211/use/view-account-activity.html,files/output537.txt
537,https://docs.netapp.com/us-en/astra-control-center-2211/use/view-apps.html,files/output538.txt
538,https://docs.netapp.com/us-en/astra-control-center-2211/use/view-clusters.html,files/output539.txt
539,https://docs.netapp.com/us-en/astra-control-center-2211/use/view-dashboard.html,files/output540.txt
540,https://docs.netapp.com/us-en/astra-control-center-2211/release-notes/whats-new.html,files/output541.txt
541,https://docs.netapp.com/us-en/astra-control-center-2204/get-started/acc-create-podsecuritypolicy.html,files/output542.txt
542,https://docs.netapp.com/us-en/astra-control-center-2204/acc-earlier-versions.html,files/output543.txt
543,https://docs.netapp.com/us-en/astra-control-center-2204/get-started/acc_operatorhub_install.html,files/output544.txt
544,https://docs.netapp.com/us-en/astra-control-center-2204/get-started/add-cluster-reqs.html,files/output545.txt
545,https://docs.netapp.com/us-en/astra-control-center-2204/get-started/add-custom-tls-certificate.html,files/output546.txt
546,https://docs.netapp.com/us-en/astra-control-center-2204/rest-api/api-intro.html,files/output547.txt
547,https://docs.netapp.com/us-en/astra-control-center-2204/concepts/architecture.html,files/output548.txt
548,https://docs.netapp.com/us-en/astra-control-center-2204/concepts/choose-class-and-size.html,files/output549.txt
549,https://docs.netapp.com/us-en/astra-control-center-2204/use/clone-apps.html,files/output550.txt
550,https://docs.netapp.com/us-en/astra-control-center-2204/use/close-account.html,files/output551.txt
551,https://docs.netapp.com/us-en/astra-control-center-2204/concepts/data-protection.html,files/output552.txt
552,https://docs.netapp.com/us-en/astra-control-center-2204/use/define-custom-app.html,files/output553.txt
553,https://docs.netapp.com/us-en/astra-control-center-2204/use/execution-hook-examples.html,files/output554.txt
554,https://docs.netapp.com/us-en/astra-control-center-2204/use/execution-hooks.html,files/output555.txt
555,https://docs.netapp.com/us-en/astra-control-center-2204/get-started/faq.html,files/output556.txt
556,https://docs.netapp.com/us-en/astra-control-center-2204/support/get-help.html,files/output557.txt
557,https://docs.netapp.com/us-en/astra-control-center-2204/get-started/install_acc-cvo.html,files/output558.txt
558,https://docs.netapp.com/us-en/astra-control-center-2204/get-started/install_acc.html,files/output559.txt
559,https://docs.netapp.com/us-en/astra-control-center-2204/get-started/install_overview.html,files/output560.txt
560,https://docs.netapp.com/us-en/astra-control-center-2204/concepts/intro.html,files/output561.txt
561,https://docs.netapp.com/us-en/astra-control-center-2204/solutions/jenkins-deploy-from-helm-chart.html,files/output562.txt
562,https://docs.netapp.com/us-en/astra-control-center-2204/release-notes/known-issues-ads.html,files/output563.txt
563,https://docs.netapp.com/us-en/astra-control-center-2204/release-notes/known-issues.html,files/output564.txt
564,https://docs.netapp.com/us-en/astra-control-center-2204/release-notes/known-limitations.html,files/output565.txt
565,https://docs.netapp.com/us-en/astra-control-center-2204/legal-notices.html,files/output566.txt
566,https://docs.netapp.com/us-en/astra-control-center-2204/legal-notices_noinclude.html,files/output567.txt
567,https://docs.netapp.com/us-en/astra-control-center-2204/concepts/licensing.html,files/output568.txt
568,https://docs.netapp.com/us-en/astra-control-center-2204/use/manage-apps.html,files/output569.txt
569,https://docs.netapp.com/us-en/astra-control-center-2204/use/manage-backend.html,files/output570.txt
570,https://docs.netapp.com/us-en/astra-control-center-2204/use/manage-buckets.html,files/output571.txt
571,https://docs.netapp.com/us-en/astra-control-center-2204/use/manage-connections.html,files/output572.txt
572,https://docs.netapp.com/us-en/astra-control-center-2204/use/manage-credentials.html,files/output573.txt
573,https://docs.netapp.com/us-en/astra-control-center-2204/use/manage-notifications.html,files/output574.txt
574,https://docs.netapp.com/us-en/astra-control-center-2204/use/manage-packages-acc.html,files/output575.txt
575,https://docs.netapp.com/us-en/astra-control-center-2204/use/manage-roles.html,files/output576.txt
576,https://docs.netapp.com/us-en/astra-control-center-2204/use/manage-users.html,files/output577.txt
577,https://docs.netapp.com/us-en/astra-control-center-2204/solutions/mariadb-deploy-from-helm-chart.html,files/output578.txt
578,https://docs.netapp.com/us-en/astra-control-center-2204/use/monitor-protect.html,files/output579.txt
579,https://docs.netapp.com/us-en/astra-control-center-2204/solutions/mysql-deploy-from-helm-chart.html,files/output580.txt
580,https://docs.netapp.com/us-en/astra-control-center-2204/solutions/postgres-deploy-from-helm-chart.html,files/output581.txt
581,https://docs.netapp.com/us-en/astra-control-center-2204/use/protect-apps.html,files/output582.txt
582,https://docs.netapp.com/us-en/astra-control-center-2204/use/protection-overview.html,files/output583.txt
583,https://docs.netapp.com/us-en/astra-control-center-2204/get-started/quick-start.html,files/output584.txt
584,https://docs.netapp.com/us-en/astra-control-center-2204/get-started/requirements.html,files/output585.txt
585,https://docs.netapp.com/us-en/astra-control-center-2204/use/restore-apps.html,files/output586.txt
586,https://docs.netapp.com/us-en/astra-control-center-2204/release-notes/rn_overview.html,files/output587.txt
587,https://docs.netapp.com/us-en/astra-control-center-2204//search.html,files/output588.txt
588,https://docs.netapp.com/us-en/astra-control-center-2204/get-started/setup_overview.html,files/output589.txt
589,https://docs.netapp.com/us-en/astra-control-center-2204/support/troubleshooting-acc.html,files/output590.txt
590,https://docs.netapp.com/us-en/astra-control-center-2204/use/uninstall_acc.html,files/output591.txt
591,https://docs.netapp.com/us-en/astra-control-center-2204/use/unmanage.html,files/output592.txt
592,https://docs.netapp.com/us-en/astra-control-center-2204/use/update-licenses.html,files/output593.txt
593,https://docs.netapp.com/us-en/astra-control-center-2204/use/upgrade-acc.html,files/output594.txt
594,https://docs.netapp.com/us-en/astra-control-center-2204/concepts/user-roles-namespaces.html,files/output595.txt
595,https://docs.netapp.com/us-en/astra-control-center-2204/concepts/validated-vs-standard.html,files/output596.txt
596,https://docs.netapp.com/us-en/astra-control-center-2204/use/view-account-activity.html,files/output597.txt
597,https://docs.netapp.com/us-en/astra-control-center-2204/use/view-apps.html,files/output598.txt
598,https://docs.netapp.com/us-en/astra-control-center-2204/use/view-clusters.html,files/output599.txt
599,https://docs.netapp.com/us-en/astra-control-center-2204/use/view-dashboard.html,files/output600.txt
600,https://docs.netapp.com/us-en/astra-control-center-2204/release-notes/whats-new.html,files/output601.txt
601,https://docs.netapp.com/us-en/astra-control-center-2112/acc-earlier-versions.html,files/output602.txt
602,https://docs.netapp.com/us-en/astra-control-center-2112/get-started/acc_operatorhub_install.html,files/output603.txt
603,https://docs.netapp.com/us-en/astra-control-center-2112/get-started/add-cluster-reqs.html,files/output604.txt
604,https://docs.netapp.com/us-en/astra-control-center-2112/get-started/add-custom-tls-certificate.html,files/output605.txt
605,https://docs.netapp.com/us-en/astra-control-center-2112/rest-api/api-intro.html,files/output606.txt
606,https://docs.netapp.com/us-en/astra-control-center-2112/concepts/architecture.html,files/output607.txt
607,https://docs.netapp.com/us-en/astra-control-center-2112/concepts/choose-class-and-size.html,files/output608.txt
608,https://docs.netapp.com/us-en/astra-control-center-2112/use/clone-apps.html,files/output609.txt
609,https://docs.netapp.com/us-en/astra-control-center-2112/use/close-account.html,files/output610.txt
610,https://docs.netapp.com/us-en/astra-control-center-2112/concepts/data-protection.html,files/output611.txt
611,https://docs.netapp.com/us-en/astra-control-center-2112/use/define-custom-app.html,files/output612.txt
612,https://docs.netapp.com/us-en/astra-control-center-2112/use/execution-hook-examples.html,files/output613.txt
613,https://docs.netapp.com/us-en/astra-control-center-2112/use/execution-hooks.html,files/output614.txt
614,https://docs.netapp.com/us-en/astra-control-center-2112/get-started/faq.html,files/output615.txt
615,https://docs.netapp.com/us-en/astra-control-center-2112/support/get-help.html,files/output616.txt
616,https://docs.netapp.com/us-en/astra-control-center-2112/get-started/install_acc.html,files/output617.txt
617,https://docs.netapp.com/us-en/astra-control-center-2112/get-started/install_overview.html,files/output618.txt
618,https://docs.netapp.com/us-en/astra-control-center-2112/concepts/intro.html,files/output619.txt
619,https://docs.netapp.com/us-en/astra-control-center-2112/solutions/jenkins-deploy-from-helm-chart.html,files/output620.txt
620,https://docs.netapp.com/us-en/astra-control-center-2112/release-notes/known-issues-ads.html,files/output621.txt
621,https://docs.netapp.com/us-en/astra-control-center-2112/release-notes/known-issues.html,files/output622.txt
622,https://docs.netapp.com/us-en/astra-control-center-2112/release-notes/known-limitations.html,files/output623.txt
623,https://docs.netapp.com/us-en/astra-control-center-2112/legal-notices.html,files/output624.txt
624,https://docs.netapp.com/us-en/astra-control-center-2112/legal-notices_noinclude.html,files/output625.txt
625,https://docs.netapp.com/us-en/astra-control-center-2112/use/manage-apps.html,files/output626.txt
626,https://docs.netapp.com/us-en/astra-control-center-2112/use/manage-backend.html,files/output627.txt
627,https://docs.netapp.com/us-en/astra-control-center-2112/use/manage-buckets.html,files/output628.txt
628,https://docs.netapp.com/us-en/astra-control-center-2112/use/manage-credentials.html,files/output629.txt
629,https://docs.netapp.com/us-en/astra-control-center-2112/use/manage-notifications.html,files/output630.txt
630,https://docs.netapp.com/us-en/astra-control-center-2112/use/manage-users.html,files/output631.txt
631,https://docs.netapp.com/us-en/astra-control-center-2112/solutions/mariadb-deploy-from-helm-chart.html,files/output632.txt
632,https://docs.netapp.com/us-en/astra-control-center-2112/use/monitor-protect.html,files/output633.txt
633,https://docs.netapp.com/us-en/astra-control-center-2112/solutions/mysql-deploy-from-helm-chart.html,files/output634.txt
634,https://docs.netapp.com/us-en/astra-control-center-2112/solutions/postgres-deploy-from-helm-chart.html,files/output635.txt
635,https://docs.netapp.com/us-en/astra-control-center-2112/use/protect-apps.html,files/output636.txt
636,https://docs.netapp.com/us-en/astra-control-center-2112/use/protection-overview.html,files/output637.txt
637,https://docs.netapp.com/us-en/astra-control-center-2112/get-started/quick-start.html,files/output638.txt
638,https://docs.netapp.com/us-en/astra-control-center-2112/get-started/requirements.html,files/output639.txt
639,https://docs.netapp.com/us-en/astra-control-center-2112/release-notes/resolved-issues.html,files/output640.txt
640,https://docs.netapp.com/us-en/astra-control-center-2112/use/restore-apps.html,files/output641.txt
641,https://docs.netapp.com/us-en/astra-control-center-2112/release-notes/rn_overview.html,files/output642.txt
642,https://docs.netapp.com/us-en/astra-control-center-2112//search.html,files/output643.txt
643,https://docs.netapp.com/us-en/astra-control-center-2112/get-started/setup_overview.html,files/output644.txt
644,https://docs.netapp.com/us-en/astra-control-center-2112/support/troubleshooting-acc.html,files/output645.txt
645,https://docs.netapp.com/us-en/astra-control-center-2112/use/uninstall_acc.html,files/output646.txt
646,https://docs.netapp.com/us-en/astra-control-center-2112/use/unmanage.html,files/output647.txt
647,https://docs.netapp.com/us-en/astra-control-center-2112/use/update-licenses.html,files/output648.txt
648,https://docs.netapp.com/us-en/astra-control-center-2112/use/upgrade-acc.html,files/output649.txt
649,https://docs.netapp.com/us-en/astra-control-center-2112/concepts/validated-vs-standard.html,files/output650.txt
650,https://docs.netapp.com/us-en/astra-control-center-2112/use/view-account-activity.html,files/output651.txt
651,https://docs.netapp.com/us-en/astra-control-center-2112/use/view-apps.html,files/output652.txt
652,https://docs.netapp.com/us-en/astra-control-center-2112/use/view-clusters.html,files/output653.txt
653,https://docs.netapp.com/us-en/astra-control-center-2112/use/view-dashboard.html,files/output654.txt
654,https://docs.netapp.com/us-en/astra-control-center-2112/release-notes/whats-new.html,files/output655.txt
655,https://docs.netapp.com/us-en/astra-control-center-2108/get-started/add-cluster-reqs.html,files/output656.txt
656,https://docs.netapp.com/us-en/astra-control-center-2108/get-started/add-custom-tls-certificate.html,files/output657.txt
657,https://docs.netapp.com/us-en/astra-control-center-2108/rest-api/api-intro.html,files/output658.txt
658,https://docs.netapp.com/us-en/astra-control-center-2108/concepts/architecture.html,files/output659.txt
659,https://docs.netapp.com/us-en/astra-control-center-2108/concepts/choose-class-and-size.html,files/output660.txt
660,https://docs.netapp.com/us-en/astra-control-center-2108/use/clone-apps.html,files/output661.txt
661,https://docs.netapp.com/us-en/astra-control-center-2108/use/close-account.html,files/output662.txt
662,https://docs.netapp.com/us-en/astra-control-center-2108/use/define-custom-app.html,files/output663.txt
663,https://docs.netapp.com/us-en/astra-control-center-2108/get-started/faq.html,files/output664.txt
664,https://docs.netapp.com/us-en/astra-control-center-2108/support/get-help.html,files/output665.txt
665,https://docs.netapp.com/us-en/astra-control-center-2108/get-started/install_acc.html,files/output666.txt
666,https://docs.netapp.com/us-en/astra-control-center-2108/concepts/intro.html,files/output667.txt
667,https://docs.netapp.com/us-en/astra-control-center-2108/solutions/jenkins-deploy-from-helm-chart.html,files/output668.txt
668,https://docs.netapp.com/us-en/astra-control-center-2108/release-notes/known-issues.html,files/output669.txt
669,https://docs.netapp.com/us-en/astra-control-center-2108/release-notes/known-limitations.html,files/output670.txt
670,https://docs.netapp.com/us-en/astra-control-center-2108/legal-notices.html,files/output671.txt
671,https://docs.netapp.com/us-en/astra-control-center-2108/legal-notices_noinclude.html,files/output672.txt
672,https://docs.netapp.com/us-en/astra-control-center-2108/use/manage-apps.html,files/output673.txt
673,https://docs.netapp.com/us-en/astra-control-center-2108/use/manage-backend.html,files/output674.txt
674,https://docs.netapp.com/us-en/astra-control-center-2108/use/manage-buckets.html,files/output675.txt
675,https://docs.netapp.com/us-en/astra-control-center-2108/use/manage-credentials.html,files/output676.txt
676,https://docs.netapp.com/us-en/astra-control-center-2108/use/manage-notifications.html,files/output677.txt
677,https://docs.netapp.com/us-en/astra-control-center-2108/use/manage-users.html,files/output678.txt
678,https://docs.netapp.com/us-en/astra-control-center-2108/solutions/mariadb-deploy-from-helm-chart.html,files/output679.txt
679,https://docs.netapp.com/us-en/astra-control-center-2108/use/monitor-protect.html,files/output680.txt
680,https://docs.netapp.com/us-en/astra-control-center-2108/solutions/mysql-deploy-from-helm-chart.html,files/output681.txt
681,https://docs.netapp.com/us-en/astra-control-center-2108/solutions/postgres-deploy-from-helm-chart.html,files/output682.txt
682,https://docs.netapp.com/us-en/astra-control-center-2108/use/protect-apps.html,files/output683.txt
683,https://docs.netapp.com/us-en/astra-control-center-2108/get-started/quick-start.html,files/output684.txt
684,https://docs.netapp.com/us-en/astra-control-center-2108/get-started/requirements.html,files/output685.txt
685,https://docs.netapp.com/us-en/astra-control-center-2108/use/restore-apps.html,files/output686.txt
686,https://docs.netapp.com/us-en/astra-control-center-2108/release-notes/rn_overview.html,files/output687.txt
687,https://docs.netapp.com/us-en/astra-control-center-2108//search.html,files/output688.txt
688,https://docs.netapp.com/us-en/astra-control-center-2108/get-started/setup_overview.html,files/output689.txt
689,https://docs.netapp.com/us-en/astra-control-center-2108/use/uninstall_acc.html,files/output690.txt
690,https://docs.netapp.com/us-en/astra-control-center-2108/use/unmanage.html,files/output691.txt
691,https://docs.netapp.com/us-en/astra-control-center-2108/use/update-licenses.html,files/output692.txt
692,https://docs.netapp.com/us-en/astra-control-center-2108/concepts/validated-vs-standard.html,files/output693.txt
693,https://docs.netapp.com/us-en/astra-control-center-2108/use/view-apps.html,files/output694.txt
694,https://docs.netapp.com/us-en/astra-control-center-2108/use/view-clusters.html,files/output695.txt
695,https://docs.netapp.com/us-en/astra-control-center-2108/use/view-dashboard.html,files/output696.txt
696,https://docs.netapp.com/us-en/astra-control-center-2108/release-notes/whats-new.html,files/output697.txt
697,https://docs.netapp.com/us-en/astra-control-center/acc-earlier-versions.html,files/output698.txt
698,https://docs.netapp.com/us-en/astra-control-center/get-started/acc_cluster_cr_options.html,files/output699.txt
699,https://docs.netapp.com/us-en/astra-control-center/get-started/acc_operatorhub_install.html,files/output700.txt
700,https://docs.netapp.com/us-en/astra-control-center/rest-api/api-intro.html,files/output701.txt
701,https://docs.netapp.com/us-en/astra-control-center/concepts/app-management.html,files/output702.txt
702,https://docs.netapp.com/us-en/astra-control-center/concepts/architecture.html,files/output703.txt
703,https://docs.netapp.com/us-en/astra-control-center/get-started/cert-manager-prereqs.html,files/output704.txt
704,https://docs.netapp.com/us-en/astra-control-center/concepts/choose-class-and-size.html,files/output705.txt
705,https://docs.netapp.com/us-en/astra-control-center/use/clone-apps.html,files/output706.txt
706,https://docs.netapp.com/us-en/astra-control-center/use/close-account.html,files/output707.txt
707,https://docs.netapp.com/us-en/astra-control-center/get-started/configure-after-install.html,files/output708.txt
708,https://docs.netapp.com/us-en/astra-control-center/concepts/data-protection.html,files/output709.txt
709,https://docs.netapp.com/us-en/astra-control-center/use/define-custom-app.html,files/output710.txt
710,https://docs.netapp.com/us-en/astra-control-center/use/execution-hooks.html,files/output711.txt
711,https://docs.netapp.com/us-en/astra-control-center/get-started/faq.html,files/output712.txt
712,https://docs.netapp.com/us-en/astra-control-center/support/get-help.html,files/output713.txt
713,https://docs.netapp.com/us-en/astra-control-center/get-started/install_acc-cvo.html,files/output714.txt
714,https://docs.netapp.com/us-en/astra-control-center/get-started/install_acc.html,files/output715.txt
715,https://docs.netapp.com/us-en/astra-control-center/get-started/install_overview.html,files/output716.txt
716,https://docs.netapp.com/us-en/astra-control-center/get-started/intro.html,files/output717.txt
717,https://docs.netapp.com/us-en/astra-control-center/release-notes/known-issues.html,files/output718.txt
718,https://docs.netapp.com/us-en/astra-control-center/release-notes/known-limitations.html,files/output719.txt
719,https://docs.netapp.com/us-en/astra-control-center/legal-notices.html,files/output720.txt
720,https://docs.netapp.com/us-en/astra-control-center/concepts/licensing.html,files/output721.txt
721,https://docs.netapp.com/us-en/astra-control-center/use/manage-apps.html,files/output722.txt
722,https://docs.netapp.com/us-en/astra-control-center/use/manage-backend.html,files/output723.txt
723,https://docs.netapp.com/us-en/astra-control-center/use/manage-buckets.html,files/output724.txt
724,https://docs.netapp.com/us-en/astra-control-center/use/manage-credentials.html,files/output725.txt
725,https://docs.netapp.com/us-en/astra-control-center/use/manage-local-users-and-roles.html,files/output726.txt
726,https://docs.netapp.com/us-en/astra-control-center/use/manage-notifications.html,files/output727.txt
727,https://docs.netapp.com/us-en/astra-control-center/use/manage-remote-authentication.html,files/output728.txt
728,https://docs.netapp.com/us-en/astra-control-center/use/manage-remote-users-groups.html,files/output729.txt
729,https://docs.netapp.com/us-en/astra-control-center/use/manage-users.html,files/output730.txt
730,https://docs.netapp.com/us-en/astra-control-center/use/monitor-protect.html,files/output731.txt
731,https://docs.netapp.com/us-en/astra-control-center/use/monitor-running-tasks.html,files/output732.txt
732,https://docs.netapp.com/us-en/astra-control-center/use/protect-apps.html,files/output733.txt
733,https://docs.netapp.com/us-en/astra-control-center/use/protection-overview.html,files/output734.txt
734,https://docs.netapp.com/us-en/astra-control-center/get-started/quick-start.html,files/output735.txt
735,https://docs.netapp.com/us-en/astra-control-center/use/replicate_snapmirror.html,files/output736.txt
736,https://docs.netapp.com/us-en/astra-control-center/get-started/requirements.html,files/output737.txt
737,https://docs.netapp.com/us-en/astra-control-center/use/restore-apps.html,files/output738.txt
738,https://docs.netapp.com/us-en/astra-control-center/release-notes/rn_overview.html,files/output739.txt
739,https://docs.netapp.com/us-en/astra-control-center//search.html,files/output740.txt
740,https://docs.netapp.com/us-en/astra-control-center/get-started/setup_overview.html,files/output741.txt
741,https://docs.netapp.com/us-en/astra-control-center/support/troubleshooting-acc.html,files/output742.txt
742,https://docs.netapp.com/us-en/astra-control-center/concepts/understand-pod-security.html,files/output743.txt
743,https://docs.netapp.com/us-en/astra-control-center/use/uninstall_acc.html,files/output744.txt
744,https://docs.netapp.com/us-en/astra-control-center/use/unmanage.html,files/output745.txt
745,https://docs.netapp.com/us-en/astra-control-center/use/update-licenses.html,files/output746.txt
746,https://docs.netapp.com/us-en/astra-control-center/use/upgrade-acc.html,files/output747.txt
747,https://docs.netapp.com/us-en/astra-control-center/concepts/user-roles-namespaces.html,files/output748.txt
748,https://docs.netapp.com/us-en/astra-control-center/use/view-account-activity.html,files/output749.txt
749,https://docs.netapp.com/us-en/astra-control-center/use/view-apps.html,files/output750.txt
750,https://docs.netapp.com/us-en/astra-control-center/use/view-clusters.html,files/output751.txt
751,https://docs.netapp.com/us-en/astra-control-center/use/view-dashboard.html,files/output752.txt
752,https://docs.netapp.com/us-en/astra-control-center/release-notes/whats-new.html,files/output753.txt
753,https://docs.netapp.com/us-en/astra-control-service/get-started/add-first-cluster.html,files/output754.txt
754,https://docs.netapp.com/us-en/astra-control-service/get-started/add-private-provider-managed-cluster.html,files/output755.txt
755,https://docs.netapp.com/us-en/astra-control-service/get-started/add-private-self-managed-cluster.html,files/output756.txt
756,https://docs.netapp.com/us-en/astra-control-service/get-started/add-public-provider-managed-cluster.html,files/output757.txt
757,https://docs.netapp.com/us-en/astra-control-service/get-started/add-public-self-managed-cluster.html,files/output758.txt
758,https://docs.netapp.com/us-en/astra-control-service/learn/app-management.html,files/output759.txt
759,https://docs.netapp.com/us-en/astra-control-service/learn/architecture.html,files/output760.txt
760,https://docs.netapp.com/us-en/astra-control-service/automation.html,files/output761.txt
761,https://docs.netapp.com/us-en/astra-control-service/learn/aws-storage.html,files/output762.txt
762,https://docs.netapp.com/us-en/astra-control-service/learn/azure-storage.html,files/output763.txt
763,https://docs.netapp.com/us-en/astra-control-service/get-started/check-astra-trident-version.html,files/output764.txt
764,https://docs.netapp.com/us-en/astra-control-service/learn/choose-class-and-size.html,files/output765.txt
765,https://docs.netapp.com/us-en/astra-control-service/use/clone-apps.html,files/output766.txt
766,https://docs.netapp.com/us-en/astra-control-service/use/close-account.html,files/output767.txt
767,https://docs.netapp.com/us-en/astra-control-service/get-started/create-kubeconfig.html,files/output768.txt
768,https://docs.netapp.com/us-en/astra-control-service/learn/data-protection.html,files/output769.txt
769,https://docs.netapp.com/us-en/astra-control-service/get-started/faq.html,files/output770.txt
770,https://docs.netapp.com/us-en/astra-control-service/support/get-help.html,files/output771.txt
771,https://docs.netapp.com/us-en/astra-control-service/get-started/intro.html,files/output772.txt
772,https://docs.netapp.com/us-en/astra-control-service/release-notes/known-issues.html,files/output773.txt
773,https://docs.netapp.com/us-en/astra-control-service/release-notes/known-limitations.html,files/output774.txt
774,https://docs.netapp.com/us-en/astra-control-service/legal-notices.html,files/output775.txt
775,https://docs.netapp.com/us-en/astra-control-service/use/log-in.html,files/output776.txt
776,https://docs.netapp.com/us-en/astra-control-service/use/manage-app-execution-hooks.html,files/output777.txt
777,https://docs.netapp.com/us-en/astra-control-service/use/manage-apps.html,files/output778.txt
778,https://docs.netapp.com/us-en/astra-control-service/use/manage-buckets.html,files/output779.txt
779,https://docs.netapp.com/us-en/astra-control-service/use/manage-cloud-instances.html,files/output780.txt
780,https://docs.netapp.com/us-en/astra-control-service/use/manage-credentials.html,files/output781.txt
781,https://docs.netapp.com/us-en/astra-control-service/use/manage-notifications.html,files/output782.txt
782,https://docs.netapp.com/us-en/astra-control-service/use/manage-roles.html,files/output783.txt
783,https://docs.netapp.com/us-en/astra-control-service/use/manage-users.html,files/output784.txt
784,https://docs.netapp.com/us-en/astra-control-service/use/monitor-account-activity.html,files/output785.txt
785,https://docs.netapp.com/us-en/astra-control-service/use/monitor-running-tasks.html,files/output786.txt
786,https://docs.netapp.com/us-en/astra-control-service/use/protect-apps.html,files/output787.txt
787,https://docs.netapp.com/us-en/astra-control-service/get-started/quick-start.html,files/output788.txt
788,https://docs.netapp.com/us-en/astra-control-service/support/register-support.html,files/output789.txt
789,https://docs.netapp.com/us-en/astra-control-service/get-started/register.html,files/output790.txt
790,https://docs.netapp.com/us-en/astra-control-service/use/restore-apps.html,files/output791.txt
791,https://docs.netapp.com/us-en/astra-control-service//search.html,files/output792.txt
792,https://docs.netapp.com/us-en/astra-control-service/get-started/set-up-amazon-web-services.html,files/output793.txt
793,https://docs.netapp.com/us-en/astra-control-service/use/set-up-billing.html,files/output794.txt
794,https://docs.netapp.com/us-en/astra-control-service/get-started/set-up-google-cloud.html,files/output795.txt
795,https://docs.netapp.com/us-en/astra-control-service/get-started/set-up-microsoft-azure-with-amd.html,files/output796.txt
796,https://docs.netapp.com/us-en/astra-control-service/get-started/set-up-microsoft-azure-with-anf.html,files/output797.txt
797,https://docs.netapp.com/us-en/astra-control-service/get-started/supported-deployments.html,files/output798.txt
798,https://docs.netapp.com/us-en/astra-control-service/support/troubleshooting.html,files/output799.txt
799,https://docs.netapp.com/us-en/astra-control-service/use/unmanage.html,files/output800.txt
800,https://docs.netapp.com/us-en/astra-control-service/learn/user-roles-namespaces.html,files/output801.txt
801,https://docs.netapp.com/us-en/astra-control-service/get-started/videos.html,files/output802.txt
802,https://docs.netapp.com/us-en/astra-control-service/use/view-apps.html,files/output803.txt
803,https://docs.netapp.com/us-en/astra-control-service/use/view-clusters.html,files/output804.txt
804,https://docs.netapp.com/us-en/astra-control-service/use/view-dashboard.html,files/output805.txt
805,https://docs.netapp.com/us-en/astra-control-service/release-notes/whats-new.html,files/output806.txt
806,https://docs.netapp.com/us-en/astra-control-service/get-started/whats-next.html,files/output807.txt
